Date,Region,Product,Quantity,Sales,Discount,Profit
2025-01-01,East,Laptop,2,17530.0,0.1,2300.99385223641
2025-01-02,West,Laptop,2,15071.0,0.12,1210.1758639142083
2025-01-03,North,Laptop,10,10451.0,0.1,783.10167886291
2025-01-04,East,Headphones,7,11273.0,0.13,2163.2028129054
2025-01-05,East,Mouse,12,16640.0,0.15,2393.23634604416
2025-01-06,West,Headphones,1,13557.0,0.0,2871.257213823489
2025-01-07,North,Mouse,8,13000.0,0.12,1371.1109069023937
2025-01-08,North,Headphones,11,16421.0,0.24,1730.5241279114073
2025-01-09,East,Headphones,13,12370.0,0.13,916.0277265996689
2025-01-10,South,Keyboard,3,4582.0,0.17,925.8690099821199
2025-01-11,East,Headphones,11,14218.0,0.08,2531.5794583646466
2025-01-12,East,Monitor,6,11017.0,0.19,2129.611886218957
2025-01-13,East,Keyboard,9,4254.0,0.19,431.1805704588908
2025-01-14,East,Headphones,6,2224.0,0.13,355.91888105501204
2025-01-15,West,Laptop,9,,0.24,278.5150795147949
2025-01-16,North,Monitor,7,9206.0,0.03,1196.448082940217
2025-01-17,West,Monitor,9,9394.0,0.0,2105.933486135261
2025-01-18,West,Monitor,2,18537.0,0.19,3618.8697616025665
2025-01-19,West,Keyboard,12,18950.0,0.2,3493.2486093261427
2025-01-20,East,Headphones,8,16906.0,0.03,3372.2760720835972
2025-01-21,South,Headphones,8,19344.0,0.07,2287.7600564831823
2025-01-22,North,Laptop,2,6426.0,0.0,821.7229967170342
2025-01-23,South,Laptop,12,6751.0,0.07,1530.5007572386628
2025-01-24,West,Monitor,14,,0.19,661.8968862030866
2025-01-25,West,Laptop,4,3800.0,0.13,666.9144059615501
2025-01-26,South,Keyboard,14,9053.0,0.09,1648.1555150370982
2025-01-27,South,Headphones,11,4227.0,0.09,714.9128142803146
2025-01-28,South,Monitor,7,17398.0,0.0,4320.245329717279
2025-01-29,West,Laptop,11,,0.07,2144.1094615818533
2025-01-30,West,Keyboard,4,6519.0,0.16,754.5610956337367
2025-01-31,North,Keyboard,4,15963.0,0.24,1133.3565718492741
2025-02-01,North,Laptop,6,10547.0,0.21,1293.777178364829
2025-02-02,West,Headphones,10,12254.0,0.01,1508.8897581930917
2025-02-03,South,Laptop,6,3020.0,0.22,325.95789166044193
2025-02-04,South,Monitor,10,3581.0,0.2,635.6338150031348
2025-02-05,North,Laptop,3,1928.0,0.2,368.6835233230176
2025-02-06,West,Keyboard,9,4467.0,0.11,443.57941541951595
2025-02-07,North,Laptop,12,6945.0,0.1,895.8624030347395
2025-02-08,North,Headphones,10,15066.0,0.08,3297.0105948370947
2025-02-09,East,Mouse,14,14542.0,0.02,1289.8359846480896
2025-02-10,East,Laptop,11,11829.0,0.06,1064.1275233873137
2025-02-11,East,Headphones,2,2659.0,0.06,269.12802619983836
2025-02-12,South,Headphones,6,5632.0,0.12,897.9877067976627
2025-02-13,West,Keyboard,12,19431.0,0.19,1661.7397363032449
2025-02-14,West,Headphones,7,19863.0,0.12,4274.998814247485
2025-02-15,West,Headphones,12,15433.0,0.01,2382.5782538521194
2025-02-16,West,Headphones,13,10973.0,0.24,1378.1662299967709
2025-02-17,East,Headphones,9,19533.0,0.24,1810.089770334489
2025-02-18,South,Monitor,13,11305.0,0.2,1447.6119689133538
2025-02-19,South,Monitor,3,3583.0,0.25,517.3636595816475
2025-02-20,East,Keyboard,10,17921.0,0.14,3201.0866079118664
2025-02-21,South,Laptop,3,14444.0,0.24,2285.037279796728
2025-02-22,East,Headphones,7,8104.0,0.02,1415.5796475736638
2025-02-23,West,Laptop,14,15879.0,0.09,3377.534075744618
2025-02-24,East,Laptop,4,19518.0,0.06,4017.2293849225584
2025-02-25,West,Keyboard,13,4483.0,0.05,888.8142417583207
2025-02-26,West,Headphones,8,2278.0,0.04,195.62284255293616
2025-02-27,North,Headphones,13,5610.0,0.16,382.5019905578588
2025-02-28,East,Mouse,7,12587.0,0.2,1169.2420474160808
2025-03-01,North,Laptop,5,18008.0,0.14,2985.8551469380823
2025-03-02,East,Laptop,7,17581.0,0.04,2530.0365300935864
2025-03-03,East,Monitor,3,2679.0,0.2,318.0703061381485
2025-03-04,North,Mouse,12,10096.0,0.16,1953.7679011252505
2025-03-05,North,Monitor,2,5751.0,0.1,1202.0804367597495
2025-03-06,East,Monitor,6,9735.0,0.17,1895.2548706937494
2025-03-07,South,Monitor,2,18813.0,0.06,2358.354722905657
2025-03-08,West,Keyboard,3,15371.0,0.09,2762.26606346107
2025-03-09,North,Keyboard,6,1513.0,0.23,146.9982133277971
2025-03-10,West,Monitor,5,17110.0,0.07,1788.6009439611964
2025-03-11,South,Mouse,8,2328.0,0.12,228.19292436141941
2025-03-12,South,Laptop,9,8409.0,0.22,906.1830236574442
2025-03-13,South,Mouse,11,6088.0,0.18,764.263729297206
2025-03-14,North,Headphones,3,13609.0,0.02,2950.9229189968114
2025-03-15,South,Keyboard,12,2523.0,0.04,243.1319893453257
2025-03-16,North,Laptop,10,15037.0,0.0,3081.643594437094
2025-03-17,South,Laptop,3,6391.0,0.16,914.4994493201737
2025-03-18,West,Headphones,3,1580.0,0.11,181.33048594806672
2025-03-19,West,Headphones,13,5536.0,0.03,879.4818963736659
2025-03-20,East,Monitor,13,15879.0,0.24,1580.7943922778231
2025-03-21,West,Keyboard,6,11322.0,0.13,1786.164620797078
2025-03-22,,Keyboard,1,3063.0,0.06,442.69005692575695
2025-03-23,West,Mouse,7,3792.0,0.13,356.1278708309053
2025-03-24,North,Monitor,12,4086.0,0.17,338.52457625573874
2025-03-25,West,Monitor,1,16587.0,0.02,2811.1564770031687
2025-03-26,East,Monitor,14,16600.0,0.07,3603.3869093380463
2025-03-27,East,Monitor,5,7143.0,0.2,791.2890066910907
2025-03-28,South,Keyboard,10,4459.0,0.11,811.9969034373889
2025-03-29,North,Keyboard,13,11505.0,0.14,1899.4328175106907
2025-03-30,West,Monitor,8,11275.0,0.11,2391.926514982401
2025-03-31,South,Mouse,4,661.0,0.01,143.68230054476538
2025-04-01,West,Laptop,5,16529.0,0.04,2797.8634705499785
2025-04-02,West,Laptop,4,17477.0,0.11,2981.728501268553
2025-04-03,South,Mouse,12,14726.0,0.05,3255.7627157670145
2025-04-04,South,Monitor,12,11654.0,0.01,1706.600239391464
2025-04-05,South,Keyboard,14,12580.0,0.21,1347.1736947784798
2025-04-06,South,Laptop,4,3890.0,0.25,238.76202720596652
2025-04-07,South,Headphones,12,6497.0,0.2,1146.1419167469842
2025-04-08,West,Headphones,8,13193.0,0.21,2252.99114449062
2025-04-09,South,Mouse,2,17547.0,0.06,1612.4259759707163
2025-04-10,North,Monitor,1,9824.0,0.24,1329.481661062396
2025-04-11,East,Laptop,3,1041.0,0.05,157.12129906836435
2025-04-12,South,Monitor,9,5593.0,0.24,425.83544427677396
2025-04-13,South,Laptop,4,13928.0,0.25,2576.992668978974
2025-04-14,West,Mouse,10,11666.0,0.18,1114.4367259067621
2025-04-15,South,Mouse,5,17751.0,0.25,1217.227926175413
2025-04-16,South,Headphones,2,16563.0,0.14,2579.9636348460967
2025-04-17,South,Monitor,4,10758.0,0.06,2079.2082884730266
2025-04-18,West,Headphones,2,16544.0,0.11,1259.1422233935252
2025-04-19,South,Monitor,2,5969.0,0.15,974.0494671136505
2025-04-20,East,Headphones,4,6756.0,0.02,1128.7913080604092
2025-04-21,West,Keyboard,6,11220.0,0.16,919.4368494597445
2025-04-22,East,Keyboard,7,1669.0,0.25,136.8526497044935
2025-04-23,West,Keyboard,10,1330.0,0.05,223.0780391920075
2025-04-24,South,Keyboard,3,2151.0,0.2,224.35927082672333
2025-04-25,East,Laptop,3,,0.23,3323.3480304258396
2025-04-26,West,Keyboard,10,19694.0,0.24,3280.650894266089
2025-04-27,North,Mouse,6,10018.0,0.24,1882.1506147111209
2025-04-28,South,Mouse,13,13758.0,0.13,1485.9371523971815
2025-04-29,West,Laptop,12,16684.0,0.24,3104.6970863765073
2025-04-30,North,Keyboard,3,1519.0,0.19,188.63079297898193
2025-05-01,West,Keyboard,13,10528.0,0.04,1405.6466295367154
2025-05-02,North,Keyboard,2,12948.0,0.12,1009.0672810097982
2025-05-03,South,Headphones,8,12985.0,0.18,947.3268681389875
2025-05-04,East,Monitor,5,1783.0,0.06,331.25179988259106
2025-05-05,North,Headphones,1,17543.0,0.16,2326.0660242880585
2025-05-06,West,Monitor,3,18894.0,0.17,1858.455433888224
2025-05-07,South,Keyboard,10,2233.0,0.04,395.24089726475665
2025-05-08,North,Keyboard,8,19009.0,0.14,2010.5411915871523
2025-05-09,West,Headphones,4,19055.0,0.19,2750.396652982841
2025-05-10,West,Headphones,14,16730.0,0.12,2076.822525618253
2025-05-11,West,Monitor,7,14972.0,0.0,3293.898069261466
2025-05-12,North,Mouse,10,13389.0,0.0,2939.1311524060893
2025-05-13,North,Monitor,12,3971.0,0.09,582.3316892670455
2025-05-14,North,Headphones,14,9528.0,0.23,1024.4717256130934
2025-05-15,East,Headphones,14,8829.0,0.06,1175.4670629224752
2025-05-16,North,Laptop,2,,0.16,473.31892098729963
2025-05-17,North,Headphones,7,14582.0,0.06,1861.2914122611335
2025-05-18,North,Laptop,5,14430.0,0.08,1533.8640656690427
2025-05-19,East,Mouse,5,10577.0,0.21,788.7654359076306
2025-05-20,North,Monitor,6,6897.0,0.18,901.1414741907233
2025-05-21,West,Monitor,13,3257.0,0.02,516.9614874139087
2025-05-22,North,Laptop,9,18784.0,0.11,3727.299500412302
2025-05-23,West,Monitor,14,19494.0,0.01,2269.7736090958438
2025-05-24,West,Headphones,6,18333.0,0.12,2335.5562678163515
2025-05-25,West,Keyboard,12,5517.0,0.17,995.6311965143329
2025-05-26,East,Laptop,13,16870.0,0.03,3600.3200486689716
2025-05-27,East,Monitor,14,8499.0,0.07,1149.1243874429554
2025-05-28,East,Laptop,8,10695.0,0.1,1521.3207086448108
2025-05-29,North,Laptop,7,2596.0,0.23,262.97511959919626
2025-05-30,West,Keyboard,9,15933.0,0.25,2850.4256019264994
2025-05-31,East,Headphones,4,11095.0,0.01,1100.2661393659469
2025-06-01,East,Laptop,2,16441.0,0.19,3179.316116093199
2025-06-02,North,Monitor,7,15578.0,0.09,2782.1395144610938
2025-06-03,East,Mouse,6,5605.0,0.1,859.4176731187965
2025-06-04,North,Laptop,1,19862.0,0.19,1376.3800463320383
2025-06-05,South,Laptop,11,3339.0,0.23,413.55365310022347
2025-06-06,East,Keyboard,9,3884.0,0.24,440.76041826611515
2025-06-07,South,Headphones,9,11351.0,0.14,1048.49403021747
2025-06-08,North,Mouse,12,10553.0,0.09,1839.879307426354
2025-06-09,West,Monitor,2,13993.0,0.2,2743.698791965402
2025-06-10,East,Mouse,3,17569.0,0.06,2899.5486164105046
2025-06-11,North,Monitor,5,14639.0,0.14,2536.893743866759
2025-06-12,West,Headphones,5,8031.0,0.09,669.6993479310731
2025-06-13,West,Monitor,1,4783.0,0.16,606.6893372137555
2025-06-14,South,Keyboard,8,8236.0,0.06,772.488091713603
2025-06-15,North,Keyboard,12,8210.0,0.05,1436.4751902753922
2025-06-16,West,Keyboard,8,2119.0,0.23,390.8438594471834
2025-06-17,East,Keyboard,4,14475.0,0.03,2702.875468524197
2025-06-18,East,Mouse,13,13335.0,0.13,1079.590543227449
2025-06-19,South,Headphones,7,15761.0,0.06,2078.492270271828
2025-06-20,West,Monitor,11,1931.0,0.01,331.89380489335787
2025-06-21,North,Monitor,10,9567.0,0.01,1406.9217318725844
2025-06-22,East,Keyboard,3,5213.0,0.04,1109.590712182274
2025-06-23,West,Keyboard,6,10057.0,0.22,1713.9679986332446
2025-06-24,West,Laptop,14,9935.0,0.07,1700.1813613051022
2025-06-25,South,Headphones,10,5498.0,0.24,599.5611142782781
2025-06-26,East,Mouse,13,662.0,0.15,69.44122217781816
2025-06-27,East,Monitor,10,2474.0,0.11,215.77927247112936
2025-06-28,North,Laptop,12,8961.0,0.15,1068.892411478975
2025-06-29,East,Laptop,14,17515.0,0.13,2289.354390892305
2025-06-30,North,Monitor,9,17789.0,0.19,2808.1860698209357
2025-07-01,East,Mouse,1,2514.0,0.07,448.6360415087161
2025-07-02,South,Laptop,5,10333.0,0.09,864.3113198494578
2025-07-03,East,Laptop,4,8396.0,0.22,963.9563903589362
2025-07-04,North,Headphones,8,704.0,0.24,59.337224069716136
2025-07-05,North,Mouse,11,17465.0,0.22,1452.9721149222723
2025-07-06,South,Laptop,12,9532.0,0.1,1892.8381459682007
2025-07-07,East,Mouse,1,5847.0,0.2,407.53864501103425
2025-07-08,East,Monitor,9,3143.0,0.12,418.36397013247097
2025-07-09,South,Keyboard,6,8517.0,0.12,813.9123442100499
2025-07-10,,Laptop,4,19181.0,0.05,4181.684908009002
2025-07-11,East,Headphones,12,17758.0,0.15,2636.9272253196514
2025-07-12,North,Monitor,9,6060.0,0.05,687.0099150156574
2025-07-13,East,Mouse,11,16392.0,0.08,2494.5284574685666
2025-07-14,East,Monitor,5,15031.0,0.21,2426.5838687832784
2025-07-15,South,Laptop,5,17573.0,0.05,4054.7247549747044
2025-07-16,South,Mouse,12,4500.0,0.02,518.0683693827906
2025-07-17,West,Keyboard,5,14789.0,0.02,3342.874255188279
2025-07-18,North,Monitor,1,17555.0,0.24,3186.444767167969
2025-07-19,East,Laptop,1,8427.0,0.13,1728.7029698653375
2025-07-20,East,Headphones,8,16062.0,0.1,2717.9858861871476
2025-07-21,West,Mouse,12,1671.0,0.2,250.07452264421397
2025-07-22,East,Monitor,8,12418.0,0.21,1457.2670530383423
2025-07-23,North,Monitor,12,9635.0,0.08,1842.93490241393
2025-07-24,West,Keyboard,6,6842.0,0.17,967.2233393389033
2025-07-25,North,Keyboard,12,18333.0,0.19,2898.13971640836
2025-07-26,West,Headphones,11,12429.0,0.16,1595.6821093745573
2025-07-27,West,Headphones,13,3039.0,0.04,596.1916974898627
2025-07-28,South,Laptop,4,4459.0,0.22,765.7214327020255
2025-07-29,North,Laptop,2,13683.0,0.13,1248.6821515363476
2025-07-30,East,Headphones,14,5932.0,0.07,1222.5032674075171
2025-07-31,East,Headphones,2,19245.0,0.11,2943.462421926265
2025-08-01,North,Mouse,9,2253.0,0.01,498.7179349422402
2025-08-02,East,Keyboard,5,18822.0,0.03,2799.23892219217
2025-08-03,East,Laptop,4,10623.0,0.19,1242.8259323960422
2025-08-04,North,Keyboard,10,16876.0,0.0,3975.3160367333094
2025-08-05,West,Keyboard,13,7088.0,0.1,782.7200285626094
2025-08-06,North,Headphones,1,6804.0,0.13,1323.099055798419
2025-08-07,West,Mouse,7,7845.0,0.01,1260.3828961618951
2025-08-08,East,Monitor,3,15852.0,0.24,2016.709371427676
2025-08-09,East,Mouse,6,1097.0,0.06,136.56907482607542
2025-08-10,East,Mouse,5,19946.0,0.08,3255.661918326733
2025-08-11,South,Keyboard,5,2836.0,0.08,352.977156192792
2025-08-12,West,Mouse,11,,0.06,845.6316446161746
2025-08-13,South,Laptop,5,1072.0,0.0,135.32902583795544
2025-08-14,South,Keyboard,1,8021.0,0.18,533.3101832186984
2025-08-15,North,Laptop,1,6671.0,0.24,1248.8341381517528
2025-08-16,South,Monitor,3,18974.0,0.06,4355.033991947357
2025-08-17,North,Keyboard,14,14492.0,0.17,1770.2907295636755
2025-08-18,North,Monitor,12,12361.0,0.19,2040.7598963687983
2025-08-19,South,Keyboard,10,12964.0,0.21,1421.3957638901663
2025-08-20,West,Headphones,4,2133.0,0.11,368.44672982494177
2025-08-21,West,Mouse,5,18401.0,0.08,3672.2739299347295
2025-08-22,West,Headphones,2,12985.0,0.08,2878.4197065582157
2025-08-23,West,Monitor,8,11349.0,0.18,1377.6504711353393
2025-08-24,West,Mouse,11,4148.0,0.2,707.3523245290291
2025-08-25,South,Keyboard,11,15677.0,0.05,1864.7390917703956
2025-08-26,South,Mouse,14,13640.0,0.09,3082.700116893407
2025-08-27,East,Laptop,2,18421.0,0.23,1196.872062849909
2025-08-28,West,Mouse,9,14857.0,0.2,2170.3093370334527
2025-08-29,South,Laptop,2,13868.0,0.25,1998.198691576427
2025-08-30,East,Mouse,13,3637.0,0.19,580.2610668615241
2025-08-31,West,Laptop,9,,0.1,53.98032183417419
2025-09-01,North,Monitor,7,11907.0,0.15,2424.474212047204
2025-09-02,East,Headphones,8,13222.0,0.17,1215.9607100311875
2025-09-03,South,Keyboard,11,13424.0,0.02,2445.1912247362648
2025-09-04,North,Mouse,2,4250.0,0.14,430.7597817631288
2025-09-05,North,Headphones,7,9035.0,0.18,979.6286256935333
2025-09-06,North,Keyboard,12,5166.0,0.04,857.4631876958142
2025-09-07,East,Keyboard,6,16509.0,0.2,1993.268676003233
2025-09-08,South,Laptop,4,17494.0,0.15,1594.6235728732936
2025-09-09,North,Monitor,7,2227.0,0.24,184.58485757030678
2025-09-10,West,Monitor,14,2354.0,0.01,352.0966495137192
2025-09-11,,Headphones,13,11300.0,0.07,2193.62875917853
2025-09-12,North,Monitor,4,5555.0,0.15,1098.5339771131028
2025-09-13,East,Mouse,2,10771.0,0.07,944.6229838359578
2025-09-14,East,Monitor,10,19208.0,0.18,2312.6179359822963
2025-09-15,South,Headphones,12,13319.0,0.19,1046.9242003260817
2025-09-16,West,Monitor,7,9869.0,0.03,792.8369714557766
2025-09-17,East,Mouse,8,9783.0,0.13,1638.3413337140316
2025-09-18,North,Laptop,2,13671.0,0.13,2169.6187668944203
2025-09-19,South,Headphones,5,6274.0,0.09,614.97156303554
2025-09-20,North,Laptop,1,7019.0,0.23,647.1946148603605
2025-09-21,North,Laptop,7,11483.0,0.21,762.2869129439306
2025-09-22,East,Laptop,8,18633.0,0.17,3432.4045081306094
2025-09-23,South,Keyboard,13,15439.0,0.18,3110.5241868676662
2025-09-24,West,Keyboard,6,1281.0,0.12,116.14154052844624
2025-09-25,West,Laptop,5,16782.0,0.23,1542.2675701968685
2025-09-26,East,Headphones,6,7323.0,0.17,1383.5533113791255
2025-09-27,East,Mouse,2,18989.0,0.18,3698.0897756789655
2025-09-28,South,Mouse,1,7693.0,0.22,908.1016522566882
2025-09-29,West,Monitor,7,2613.0,0.07,215.3201178181802
2025-09-30,West,Headphones,7,16780.0,0.2,1163.8153158337093
2025-10-01,West,Keyboard,10,14065.0,0.05,2372.6656859010923
2025-10-02,North,Laptop,11,10683.0,0.09,1427.0444699529123
2025-10-03,West,Monitor,10,18461.0,0.08,1441.4577656059328
2025-10-04,North,Mouse,14,9703.0,0.24,1321.123696769049
2025-10-05,South,Keyboard,2,19158.0,0.21,1239.8661156591058
2025-10-06,North,Keyboard,2,16295.0,0.18,2857.485512491111
2025-10-07,South,Laptop,1,19310.0,0.18,2091.5961622124532
2025-10-08,West,Mouse,10,13989.0,0.14,1044.7785376388567
2025-10-09,West,Headphones,8,6046.0,0.24,827.1841366258875
2025-10-10,South,Keyboard,8,7352.0,0.12,954.977661910808
2025-10-11,East,Laptop,1,3051.0,0.1,674.2449543563574
2025-10-12,South,Headphones,12,6911.0,0.04,1144.5529753110955
2025-10-13,East,Mouse,11,16891.0,0.2,1713.296840937871
2025-10-14,North,Keyboard,8,19439.0,0.18,3197.6334232930053
2025-10-15,North,Headphones,9,975.0,0.1,110.69981947930897
2025-10-16,North,Headphones,14,10903.0,0.01,2522.7813432262674
2025-10-17,West,Headphones,4,7739.0,0.21,878.5712181863096
2025-10-18,North,Keyboard,1,7210.0,0.0,1250.7738973947949
2025-10-19,East,Keyboard,1,8578.0,0.18,623.1907621938304
2025-10-20,North,Monitor,3,2785.0,0.24,322.6557960824476
2025-10-21,South,Mouse,14,5723.0,0.11,1128.2127821207048
2025-10-22,South,Laptop,5,14021.0,0.06,2859.4803036199064
2025-10-23,West,Headphones,5,15389.0,0.18,1490.7325393262502
2025-10-24,South,Monitor,9,7471.0,0.2,707.8529965747083
2025-10-25,East,Laptop,10,12031.0,0.14,2265.3174308829152
2025-10-26,North,Monitor,14,15221.0,0.24,2755.114790458932
2025-10-27,West,Keyboard,12,19706.0,0.01,1876.9815835481572
2025-10-28,North,Headphones,2,5443.0,0.13,741.138870893308
2025-10-29,North,Laptop,2,7030.0,0.18,791.8671192079231
2025-10-30,East,Laptop,6,11616.0,0.22,2065.9438072735134
2025-10-31,South,Laptop,9,758.0,0.04,68.54689968544052
2025-11-01,South,Laptop,1,782.0,0.2,72.50166624293239
2025-11-02,North,Laptop,9,14437.0,0.14,2581.492543979435
2025-11-03,West,Monitor,9,2398.0,0.1,191.47540542811416
2025-11-04,South,Headphones,13,4635.0,0.03,736.1264556368095
2025-11-05,West,Keyboard,9,7129.0,0.22,862.7757672607266
2025-11-06,South,Keyboard,5,11668.0,0.04,1532.875010491125
2025-11-07,West,Keyboard,13,1112.0,0.08,150.4659544488582
2025-11-08,East,Keyboard,9,14703.0,0.07,2325.7735706873273
2025-11-09,West,Monitor,11,17571.0,0.22,1472.4025642725264
2025-11-10,East,Mouse,4,2807.0,0.17,412.9338919212625
2025-11-11,East,Headphones,2,7633.0,0.2,1324.621635858364
2025-11-12,West,Laptop,13,11705.0,0.06,2302.0658525743706
2025-11-13,East,Mouse,6,6406.0,0.16,571.2672623360752
2025-11-14,North,Keyboard,14,3091.0,0.14,280.10726222394493
2025-11-15,East,Mouse,4,15649.0,0.21,1552.628329436832
2025-11-16,South,Headphones,6,12650.0,0.23,1377.1382232272283
2025-11-17,West,Laptop,3,7683.0,0.0,1148.1279194334331
2025-11-18,North,Laptop,6,10602.0,0.17,1720.7605498835514
2025-11-19,West,Headphones,2,,0.01,1557.6412266233028
2025-11-20,South,Headphones,2,1783.0,0.14,131.70869330504817
2025-11-21,South,Keyboard,13,1423.0,0.07,194.04178838203777
2025-11-22,South,Laptop,9,1625.0,0.08,296.7841523568677
2025-11-23,East,Mouse,7,2029.0,0.09,208.42790408984138
2025-11-24,East,Monitor,3,8938.0,0.16,1419.415535235284
2025-11-25,West,Monitor,13,16654.0,0.08,1902.5050093679117
2025-11-26,West,Headphones,11,8504.0,0.18,1608.2799119474103
2025-11-27,North,Keyboard,1,10252.0,0.1,2143.083836219067
2025-11-28,North,Monitor,8,11092.0,0.02,1418.9779110034194
2025-11-29,West,Laptop,14,4364.0,0.2,415.79821295219915
2025-11-30,East,Headphones,6,726.0,0.07,101.22411669614526
2025-12-01,South,Mouse,7,15536.0,0.11,1671.5559744233851
2025-12-02,West,Headphones,9,12239.0,0.17,1973.824656570454
2025-12-03,North,Mouse,5,17148.0,0.08,3477.554667743157
2025-12-04,East,Headphones,1,10087.0,0.01,1941.559938613593
2025-12-05,West,Headphones,12,12249.0,0.09,2453.805596806871
2025-12-06,West,Headphones,10,1145.0,0.24,128.3446385240005
2025-12-07,East,Mouse,7,16799.0,0.16,1503.8811433459684
2025-12-08,West,Mouse,5,19874.0,0.17,3389.011438842602
2025-12-09,East,Headphones,3,14175.0,0.16,1682.2288885624819
2025-12-10,South,Monitor,12,19388.0,0.05,3575.3456996661007
2025-12-11,East,Keyboard,13,11464.0,0.1,1300.1153090844812
2025-12-12,East,Keyboard,9,16587.0,0.19,1260.3685146645212
2025-12-13,East,Keyboard,1,14037.0,0.03,3386.8015723718595
2025-12-14,West,Mouse,1,13769.0,0.07,1364.445366762304
2025-12-15,West,Mouse,1,9846.0,0.07,2271.1705101478365
2025-12-16,East,Monitor,3,1087.0,0.11,238.12088727766888
2025-12-17,West,Keyboard,12,13263.0,0.25,2138.152212796872
2025-12-18,North,Keyboard,6,9677.0,0.02,1821.7907182776437
2025-12-19,North,Headphones,10,4579.0,0.13,710.009037650448
2025-12-20,West,Mouse,11,3848.0,0.04,839.4326274473897
2025-12-21,West,Keyboard,3,18599.0,0.24,1826.3397076080305
2025-12-22,East,Monitor,8,11285.0,0.03,1746.0223314288637
2025-12-23,South,Monitor,14,12828.0,0.1,2139.2827826361236
2025-12-24,West,Keyboard,14,6950.0,0.18,854.2936687366391
2025-12-25,North,Mouse,10,13730.0,0.18,1718.8808286435174
2025-12-26,East,Monitor,2,5933.0,0.11,718.9138924554568
2025-12-27,West,Headphones,14,1598.0,0.09,255.8184859416742
2025-12-28,North,Monitor,9,7596.0,0.1,1535.4395095648317
2025-12-29,North,Laptop,3,19210.0,0.07,2041.2860383713505
2025-12-30,South,Laptop,5,11939.0,0.05,2709.0896620228896
2025-12-31,East,Mouse,10,9587.0,0.12,1663.2247871380478
2026-01-01,East,Keyboard,8,16521.0,0.07,3379.527415651179
2026-01-02,South,Mouse,2,6916.0,0.07,1122.70020465923
2026-01-03,South,Mouse,6,7480.0,0.16,1335.2920875259047
2026-01-04,East,Mouse,12,18558.0,0.24,1167.1699890182974
2026-01-05,East,Mouse,5,11601.0,0.15,2160.7555239868375
2026-01-06,West,Headphones,13,8450.0,0.02,718.9862816546064
2026-01-07,West,Headphones,10,9622.0,0.02,2180.9183681267527
2026-01-08,South,Monitor,9,13076.0,0.24,2470.861710869711
2026-01-09,West,Laptop,12,1589.0,0.07,192.09749250876607
2026-01-10,North,Mouse,5,5078.0,0.02,576.0436049612887
2026-01-11,West,Monitor,2,9627.0,0.15,1719.3341235079663
2026-01-12,,Laptop,5,10987.0,0.16,1135.3104582182493
2026-01-13,North,Keyboard,12,655.0,0.16,124.97551194762885
2026-01-14,South,Headphones,4,2458.0,0.07,222.84083916979858
2026-01-15,North,Laptop,11,11193.0,0.0,1135.1088072226066
2026-01-16,West,Keyboard,7,6844.0,0.24,1281.9248710096329
2026-01-17,South,Laptop,6,6279.0,0.06,1148.30010386953
2026-01-18,West,Headphones,14,4330.0,0.17,804.9287592987862
2026-01-19,North,Headphones,2,9546.0,0.18,1057.8067241259441
2026-01-20,North,Monitor,12,10294.0,0.15,1706.250077188157
2026-01-21,West,Mouse,11,941.0,0.08,156.7135959053918
2026-01-22,East,Laptop,11,14978.0,0.07,2542.635833123757
2026-01-23,East,Laptop,13,5128.0,0.15,854.4578223876134
2026-01-24,North,Keyboard,5,,0.22,952.81834307203
2026-01-25,North,Headphones,7,10028.0,0.24,1165.6031571662338
2026-01-26,East,Laptop,11,17832.0,0.03,2195.112999873376
2026-01-27,East,Headphones,7,12065.0,0.04,2439.934789218742
2026-01-28,West,Laptop,5,8679.0,0.24,781.4085398636968
2026-01-29,West,Monitor,12,,0.18,2676.991624059381
2026-01-30,East,Mouse,9,17343.0,0.22,1618.7944455892844
2026-01-31,West,Laptop,4,892.0,0.05,157.8758136232987
2026-02-01,West,Headphones,11,12630.0,0.15,2222.2839852498273
2026-02-02,South,Monitor,3,18671.0,0.18,1794.0724185564948
2026-02-03,West,Laptop,4,10949.0,0.17,819.6202392795086
2026-02-04,North,Keyboard,5,18022.0,0.1,1658.7265458248737
2026-02-05,West,Mouse,13,7918.0,0.0,1449.1482777648366
2026-02-06,West,Laptop,6,2954.0,0.15,563.4607468366739
2026-02-07,East,Monitor,3,18261.0,0.06,1504.5327750222975
2026-02-08,North,Keyboard,2,15723.0,0.11,2865.9426152064557
2026-02-09,West,Monitor,14,7201.0,0.24,755.3731555776333
2026-02-10,West,Monitor,13,3097.0,0.1,449.7303613310365
2026-02-11,South,Keyboard,4,641.0,0.21,120.4732818658703
2026-02-12,West,Monitor,5,3159.0,0.05,409.44872432887644
2026-02-13,West,Keyboard,4,9531.0,0.17,1258.6547233819285
2026-02-14,South,Laptop,14,15537.0,0.24,972.115411215262
2026-02-15,East,Keyboard,11,14470.0,0.03,1317.5749505997048
2026-02-16,West,Keyboard,13,6161.0,0.0,763.7210748068387
2026-02-17,South,Mouse,12,6642.0,0.11,500.90008048863007
2026-02-18,North,Keyboard,3,12609.0,0.02,2314.850113591323
2026-02-19,East,Keyboard,8,9287.0,0.19,1147.084304005215
2026-02-20,North,Laptop,10,10596.0,0.23,1412.9999857650912
2026-02-21,North,Mouse,4,8972.0,0.11,875.8835976967007
2026-02-22,South,Headphones,14,17307.0,0.06,2119.9333622268305
2026-02-23,West,Laptop,2,4749.0,0.11,815.1024178217368
2026-02-24,South,Laptop,2,15449.0,0.18,3092.3212717648266
2026-02-25,South,Headphones,1,2250.0,0.0,199.284415902845
2026-02-26,South,Keyboard,13,18851.0,0.15,3707.2477332879585
2026-02-27,South,Monitor,4,4588.0,0.15,694.4366225084865
2026-02-28,East,Mouse,10,15782.0,0.16,2331.4387844423195
2026-03-01,West,Monitor,9,19830.0,0.06,3076.515631836548
2026-03-02,North,Headphones,14,10141.0,0.18,763.3489242665128
2026-03-03,North,Laptop,11,5575.0,0.02,520.5571705082874
2026-03-04,West,Laptop,7,10912.0,0.05,1888.2920166289393
2026-03-05,North,Mouse,12,16186.0,0.22,1741.7933709801384
2026-03-06,West,Laptop,10,7730.0,0.18,1495.5012123575787
2026-03-07,North,Laptop,7,15932.0,0.0,2375.786075005889
2026-03-08,South,Mouse,13,11502.0,0.06,1128.3045294120448
2026-03-09,North,Mouse,7,14447.0,0.05,2765.547192498032
2026-03-10,West,Headphones,8,14186.0,0.07,1713.3733897404782
2026-03-11,West,Laptop,1,18415.0,0.06,2931.118406451412
2026-03-12,West,Laptop,10,13574.0,0.02,2642.3004795925
2026-03-13,West,Headphones,13,19874.0,0.11,4122.06554553433
2026-03-14,West,Keyboard,10,4993.0,0.18,878.9250426088809
2026-03-15,East,Keyboard,8,17817.0,0.15,2952.885783638663
2026-03-16,,Keyboard,4,1960.0,0.17,318.1006343904713
2026-03-17,North,Headphones,4,14640.0,0.02,3454.9089089857157
2026-03-18,West,Laptop,4,19607.0,0.24,1941.494421886204
2026-03-19,North,Headphones,6,11204.0,0.21,709.7661650231394
2026-03-20,West,Headphones,7,17169.0,0.2,1733.8255449218436
2026-03-21,West,Keyboard,6,17148.0,0.21,1585.5523050438321
2026-03-22,East,Monitor,1,7316.0,0.23,1084.481020852446
2026-03-23,East,Laptop,12,12139.0,0.14,1959.824991016759
2026-03-24,South,Keyboard,8,14924.0,0.05,2564.6000545908755
2026-03-25,East,Monitor,13,14465.0,0.15,1017.5719231705762
2026-03-26,South,Monitor,10,18646.0,0.19,3079.4379545725888
2026-03-27,South,Mouse,11,11740.0,0.18,1299.6196377356064
2026-03-28,South,Laptop,13,540.0,0.13,90.69936161800359
2026-03-29,South,Monitor,7,6327.0,0.02,1082.7139880743784
2026-03-30,South,Keyboard,6,8759.0,0.09,1102.0615331998242
2026-03-31,North,Mouse,6,17871.0,0.23,1415.6697322467521
2026-04-01,East,Laptop,5,15349.0,0.15,1253.1465528975593
2026-04-02,South,Headphones,6,16732.0,0.13,3222.274686470828
2026-04-03,West,Keyboard,12,8304.0,0.07,1823.547201251295
2026-04-04,East,Monitor,9,5874.0,0.09,1018.0946664414838
2026-04-05,East,Monitor,10,3024.0,0.22,230.17285961863232
2026-04-06,South,Keyboard,9,9777.0,0.17,1203.803296041754
2026-04-07,North,Monitor,10,19363.0,0.2,3158.7971635025174
2026-04-08,South,Mouse,8,10385.0,0.11,1964.7059539112615
2026-04-09,North,Laptop,10,1278.0,0.16,107.456309418328
2026-04-10,West,Mouse,9,,0.06,149.8081784720123
2026-04-11,East,Monitor,13,17544.0,0.18,2892.512687210349
2026-04-12,West,Headphones,10,18232.0,0.11,2281.78952201183
2026-04-13,North,Laptop,8,14115.0,0.11,1548.4582045632908
2026-04-14,North,Laptop,8,12632.0,0.16,872.1354957208475
2026-04-15,West,Keyboard,1,10678.0,0.23,1412.9684038607675
2026-04-16,North,Keyboard,10,8351.0,0.02,1838.9045012709594
2026-04-17,West,Headphones,11,16788.0,0.21,3220.1051064249305
2026-04-18,East,Laptop,5,7656.0,0.07,1254.3917823536535
2026-04-19,West,Headphones,4,2544.0,0.11,379.152669168645
2026-04-20,East,Keyboard,2,7868.0,0.01,735.7759387852394
2026-04-21,West,Keyboard,8,14135.0,0.08,2253.7367865894466
2026-04-22,North,Laptop,3,9668.0,0.13,1216.2238210711967
2026-04-23,West,Mouse,4,17611.0,0.01,3194.298462345125
2026-04-24,North,Monitor,12,11828.0,0.12,1520.5303443054954
2026-04-25,West,Keyboard,7,13819.0,0.23,1285.929190533145
2026-04-26,West,Keyboard,10,842.0,0.03,78.52472961130412
2026-04-27,South,Mouse,9,1947.0,0.19,210.59583333932767
2026-04-28,North,Mouse,2,7081.0,0.1,614.5363369535108
2026-04-29,South,Headphones,3,,0.16,1141.9843854187393
2026-04-30,North,Headphones,4,6817.0,0.07,1571.303820759112
2026-05-01,South,Monitor,10,17410.0,0.04,2598.924765481458
2026-05-02,East,Monitor,1,10588.0,0.04,1732.2123886448346
2026-05-03,West,Laptop,7,13446.0,0.02,3011.16241125094
2026-05-04,North,Headphones,2,17289.0,0.05,4093.7651013742347
2026-05-05,North,Keyboard,5,15067.0,0.17,2239.272739627788
2026-05-06,West,Headphones,1,15368.0,0.22,2614.6197526075853
2026-05-07,North,Keyboard,3,10265.0,0.2,1113.3827476149722
2026-05-08,North,Mouse,12,12966.0,0.17,1420.3017650841084
2026-05-09,South,Headphones,2,18730.0,0.03,2697.2294504782158
2026-05-10,North,Mouse,1,18362.0,0.07,3318.4430382754613
2026-05-11,East,Monitor,7,11087.0,0.08,1998.9282280718285
2026-05-12,East,Monitor,5,1271.0,0.06,159.60615756602442
2026-05-13,West,Laptop,1,16800.0,0.13,1500.269362700764
2026-05-14,North,Headphones,6,9270.0,0.13,1512.2281366906755
2026-05-15,West,Mouse,5,11593.0,0.09,1074.1147621388175
2026-05-16,,Keyboard,3,14303.0,0.09,2321.273790003075
2026-05-17,North,Monitor,12,693.0,0.21,108.33432811598786
2026-05-18,North,Monitor,7,2507.0,0.2,399.3228909186811
2026-05-19,West,Keyboard,11,18069.0,0.08,3459.1842555582907
2026-05-20,East,Mouse,10,19278.0,0.23,3390.1769962986227
2026-05-21,North,Mouse,9,11690.0,0.24,1465.8640635960342
2026-05-22,West,Headphones,14,10484.0,0.08,1969.010243473583
2026-05-23,East,Headphones,13,9802.0,0.09,1652.4801892230523
2026-05-24,West,Laptop,13,7929.0,0.13,770.7308894247965
2026-05-25,South,Monitor,9,2761.0,0.24,177.03284094538915
2026-05-26,North,Headphones,14,7216.0,0.22,722.5394347373344
2026-05-27,South,Mouse,9,9421.0,0.03,1419.3326082673666
2026-05-28,East,Keyboard,2,4878.0,0.1,811.7831479292167
2026-05-29,South,Mouse,3,8315.0,0.14,1605.327610004213
2026-05-30,South,Monitor,7,14278.0,0.13,1408.1640591490207
2026-05-31,East,Mouse,5,13228.0,0.05,1273.542778255494
2026-06-01,West,Laptop,2,10832.0,0.21,2086.1929064369297
2026-06-02,South,Monitor,3,10336.0,0.17,843.883622622322
2026-06-03,West,Keyboard,10,3300.0,0.21,420.62245736080513
2026-06-04,South,Laptop,6,8833.0,0.21,1252.883397126715
2026-06-05,West,Monitor,13,5910.0,0.19,823.5422933554196
2026-06-06,East,Keyboard,7,18339.0,0.11,1544.4494260202473
2026-06-07,South,Laptop,9,6308.0,0.15,480.92437427578307
2026-06-08,East,Laptop,1,7296.0,0.04,685.9326765585329
2026-06-09,South,Monitor,11,10788.0,0.17,1607.6970426334633
2026-06-10,East,Headphones,7,18209.0,0.04,3016.0856928179232
2026-06-11,East,Laptop,8,18043.0,0.17,1793.1282391224474
2026-06-12,South,Laptop,12,5150.0,0.06,912.1489855146665
2026-06-13,South,Keyboard,14,5487.0,0.03,1167.7934422852143
2026-06-14,South,Mouse,3,15700.0,0.04,1312.2952740773364
2026-06-15,North,Monitor,4,5197.0,0.0,855.85282382526
2026-06-16,West,Monitor,10,17224.0,0.18,2784.946345805109
2026-06-17,North,Headphones,6,4328.0,0.18,436.14243923785034
2026-06-18,North,Headphones,10,18852.0,0.13,2170.229362064136
2026-06-19,East,Monitor,7,17587.0,0.04,3111.9441273394846
2026-06-20,South,Headphones,13,13105.0,0.02,2987.8878406286562
2026-06-21,West,Keyboard,14,5982.0,0.0,1302.2045399828303
2026-06-22,East,Monitor,4,18684.0,0.04,3213.02865822876
2026-06-23,North,Headphones,8,5963.0,0.22,949.4729848560069
2026-06-24,South,Monitor,5,14360.0,0.06,1917.0403374150014
2026-06-25,East,Mouse,1,5412.0,0.09,930.6332712695028
2026-06-26,South,Laptop,4,5148.0,0.03,795.2287768524569
2026-06-27,East,Monitor,3,1355.0,0.06,143.0226816910192
2026-06-28,South,Laptop,9,3366.0,0.13,583.6209473178983
2026-06-29,North,Headphones,8,12334.0,0.15,1830.4783339552234
2026-06-30,West,Laptop,1,16794.0,0.06,2225.3347974031126
2026-07-01,North,Monitor,11,17066.0,0.01,3969.1827301895255
2026-07-02,West,Mouse,6,3612.0,0.1,271.6329471392946
2026-07-03,South,Headphones,9,4992.0,0.06,627.2974634517899
2026-07-04,East,Monitor,7,15614.0,0.05,1330.099602401378
2026-07-05,North,Headphones,4,2017.0,0.24,322.38785910901765
2026-07-06,West,Keyboard,13,16518.0,0.15,2799.0498789589597
2026-07-07,North,Laptop,1,18240.0,0.14,2138.5249854775116
2026-07-08,West,Keyboard,12,11931.0,0.1,2092.416115193586
2026-07-09,North,Monitor,2,,0.11,1141.927183237225
2026-07-10,West,Mouse,12,12095.0,0.14,2169.4112605805853
2026-07-11,West,Headphones,5,13371.0,0.17,1744.7191443532472
2026-07-12,,Laptop,12,13243.0,0.18,1629.8397687330596
2026-07-13,West,Headphones,11,9824.0,0.04,2253.113987768353
2026-07-14,South,Monitor,5,12031.0,0.13,1283.7680820711037
2026-07-15,West,Headphones,8,7088.0,0.1,640.9568041220354
2026-07-16,East,Laptop,6,3811.0,0.22,533.198598494176
2026-07-17,East,Monitor,8,,0.16,305.7556831789467
2026-07-18,East,Headphones,2,3821.0,0.13,479.4683257128687
2026-07-19,West,Mouse,3,16312.0,0.03,1432.6807142027615
2026-07-20,South,Monitor,6,5115.0,0.15,598.6064609106792
2026-07-21,South,Monitor,12,16012.0,0.03,2578.3824143142906
2026-07-22,West,Mouse,13,13646.0,0.08,1349.9272509058987
2026-07-23,East,Keyboard,10,14154.0,0.04,2607.199099241443
2026-07-24,East,Laptop,3,3552.0,0.17,735.9120225797332
2026-07-25,South,Keyboard,6,1226.0,0.05,182.6199645048499
2026-07-26,East,Headphones,6,4260.0,0.1,537.924978705618
2026-07-27,North,Mouse,2,2375.0,0.22,274.3917597403444
2026-07-28,South,Keyboard,7,14469.0,0.05,1368.7110839148265
2026-07-29,East,Monitor,12,4533.0,0.13,907.6705388957042
2026-07-30,South,Headphones,2,5943.0,0.1,805.0882572267994
2026-07-31,North,Headphones,6,17873.0,0.0,2606.538444417352
2026-08-01,South,Keyboard,1,4244.0,0.2,652.3786704911029
2026-08-02,South,Keyboard,3,17477.0,0.02,2657.251455062367
2026-08-03,South,Mouse,2,2274.0,0.12,380.6124030471286
2026-08-04,South,Laptop,7,,0.14,867.3632243785178
2026-08-05,North,Keyboard,14,1435.0,0.16,263.1785601488714
2026-08-06,West,Keyboard,4,13895.0,0.17,2766.5654722040867
2026-08-07,South,Monitor,8,4308.0,0.06,770.5836291152266
2026-08-08,South,Headphones,6,17215.0,0.0,4170.784919101752
2026-08-09,East,Laptop,12,12141.0,0.18,1052.742038189942
2026-08-10,South,Monitor,10,19586.0,0.13,2746.1502087512904
2026-08-11,East,Mouse,4,14876.0,0.21,2142.480857631363
2026-08-12,West,Mouse,5,6389.0,0.21,902.9396836422231
2026-08-13,North,Keyboard,13,5554.0,0.21,650.4640242384313
2026-08-14,North,Keyboard,13,4368.0,0.12,528.4294039367297
2026-08-15,West,Mouse,9,17085.0,0.08,1596.3417097128388
2026-08-16,North,Keyboard,7,19381.0,0.2,2272.9450190712623
2026-08-17,West,Laptop,10,2342.0,0.11,224.38838146422708
2026-08-18,West,Keyboard,14,10558.0,0.05,2054.587399203382
2026-08-19,West,Headphones,14,,0.21,876.0527945091019
2026-08-20,North,Keyboard,9,12997.0,0.22,911.9443759710372
2026-08-21,East,Monitor,7,5158.0,0.12,789.3492390136496
2026-08-22,West,Laptop,12,11881.0,0.02,2109.6530141095723
2026-08-23,South,Monitor,1,8044.0,0.1,1652.2593057358793
2026-08-24,North,Monitor,12,8218.0,0.2,1170.8143451553974
2026-08-25,West,Headphones,8,14351.0,0.23,1533.023241290679
2026-08-26,West,Laptop,4,17654.0,0.05,3631.188038669204
2026-08-27,South,Laptop,3,12277.0,0.02,2067.5752616788836
2026-08-28,East,Laptop,14,2128.0,0.22,155.15793989918038
2026-08-29,East,Laptop,13,886.0,0.1,140.49757025494307
2026-08-30,East,Laptop,7,6531.0,0.14,1316.3381453657655
2026-08-31,West,Headphones,12,6939.0,0.24,777.1929194365142
2026-09-01,West,Keyboard,3,13892.0,0.02,1774.9513694626712
2026-09-02,West,Monitor,8,19350.0,0.16,1696.7519342430528
2026-09-03,North,Laptop,6,2782.0,0.02,288.30095224122573
2026-09-04,South,Keyboard,5,2356.0,0.09,329.2504077668126
2026-09-05,West,Keyboard,4,16170.0,0.2,2344.851414910103
2026-09-06,South,Monitor,8,2498.0,0.11,208.32598278379757
2026-09-07,South,Headphones,8,5976.0,0.25,1074.4548907218348
2026-09-08,East,Mouse,12,9928.0,0.14,1779.102910194201
2026-09-09,North,Mouse,1,5169.0,0.08,854.6837128563307
2026-09-10,West,Keyboard,9,12836.0,0.06,2664.554637071627
2026-09-11,East,Monitor,14,,0.09,838.5865399662836
2026-09-12,East,Mouse,5,7564.0,0.09,1108.6325942505175
2026-09-13,West,Keyboard,4,7946.0,0.02,1457.0859496747266
2026-09-14,South,Headphones,6,18315.0,0.09,3681.179552818586
2026-09-15,East,Mouse,6,6124.0,0.12,1148.9055508269605
2026-09-16,South,Keyboard,2,7961.0,0.18,829.7229125973914
2026-09-17,North,Keyboard,8,2319.0,0.16,467.4122789660731
2026-09-18,South,Laptop,7,11016.0,0.18,913.5988542148241
2026-09-19,North,Headphones,1,14249.0,0.0,3259.782418394575
2026-09-20,South,Laptop,5,18014.0,0.05,4193.782601504981
2026-09-21,,Monitor,12,3158.0,0.17,288.62971159615796
2026-09-22,East,Laptop,6,4000.0,0.12,713.684332819545
2026-09-23,North,Laptop,4,2620.0,0.0,227.5431700637205
2026-09-24,West,Mouse,2,4520.0,0.2,538.5015190695412
2026-09-25,North,Keyboard,13,10713.0,0.19,1455.8132489387547
2026-09-26,North,Headphones,14,3759.0,0.14,577.7219580932087
2026-09-27,South,Laptop,4,10581.0,0.02,2479.41552715142
2026-09-28,South,Headphones,1,2323.0,0.19,365.56800032467385
2026-09-29,North,Laptop,7,18358.0,0.15,2525.044940815758
2026-09-30,East,Monitor,2,19126.0,0.2,3330.1388851325105
2026-10-01,South,Laptop,13,13967.0,0.19,2733.1794560442104
2026-10-02,West,Mouse,2,7490.0,0.2,501.83746169372876
2026-10-03,South,Keyboard,9,3634.0,0.13,781.000732669672
2026-10-04,South,Monitor,5,18954.0,0.04,1722.099125614281
2026-10-05,West,Laptop,2,17243.0,0.17,3126.3278912487995
2026-10-06,North,Headphones,11,15934.0,0.16,1708.6315436536206
2026-10-07,West,Monitor,9,15507.0,0.19,1287.098660499085
2026-10-08,North,Monitor,9,10733.0,0.04,1594.7567988271298
2026-10-09,North,Laptop,1,16878.0,0.05,3038.022912388566
2026-10-10,North,Monitor,11,1641.0,0.22,185.2922262408351
2026-10-11,West,Headphones,3,18519.0,0.19,1339.1766088074517
2026-10-12,North,Monitor,4,10635.0,0.23,1489.638740933402
2026-10-13,East,Headphones,14,13466.0,0.19,2545.8944984678437
2026-10-14,West,Laptop,7,3861.0,0.15,476.34940928477795
2026-10-15,East,Keyboard,10,8335.0,0.16,817.5994925817603
2026-10-16,North,Monitor,4,11672.0,0.22,1413.312944857109
2026-10-17,South,Keyboard,2,16890.0,0.14,1281.4549129215534
2026-10-18,North,Headphones,7,,0.16,694.5053171492715
2026-10-19,East,Monitor,6,7064.0,0.04,1495.1579069317058
2026-10-20,East,Mouse,3,19490.0,0.12,3086.5313032236213
2026-10-21,West,Keyboard,6,11911.0,0.18,1367.651306314235
2026-10-22,South,Monitor,11,6406.0,0.07,1286.6178739803347
2026-10-23,West,Keyboard,6,16528.0,0.05,2736.738544030894
2026-10-24,East,Monitor,12,8111.0,0.08,1644.714619707132
2026-10-25,,Laptop,5,17797.0,0.06,3134.178326629683
2026-10-26,South,Keyboard,4,2511.0,0.05,508.9332061328294
2026-10-27,North,Mouse,10,18326.0,0.11,2964.4610570941213
2026-10-28,North,Mouse,12,11746.0,0.23,1360.316779232493
2026-10-29,South,Headphones,1,14290.0,0.13,3019.193953441152
2026-10-30,West,Monitor,10,12238.0,0.05,1999.5653847020692
2026-10-31,North,Keyboard,6,15230.0,0.02,2729.336527004242
2026-11-01,East,Headphones,2,11620.0,0.17,1133.0755648069135
2026-11-02,North,Keyboard,13,18713.0,0.1,3138.6298930505513
2026-11-03,South,Monitor,3,9267.0,0.21,1297.0733301859586
2026-11-04,South,Mouse,14,14203.0,0.16,1329.3286945907398
2026-11-05,South,Laptop,8,1429.0,0.2,103.03639484799936
2026-11-06,West,Mouse,10,12451.0,0.07,2116.037594372418
2026-11-07,North,Headphones,14,16345.0,0.17,2846.595825111122
2026-11-08,West,Laptop,14,17938.0,0.07,2818.952336451799
2026-11-09,West,Headphones,6,16247.0,0.23,1483.0998670230886
2026-11-10,South,Monitor,3,6244.0,0.16,1013.896588168903
2026-11-11,South,Laptop,7,18784.0,0.08,1617.8384134944781
2026-11-12,West,Headphones,4,10149.0,0.07,1464.0329196925393
2026-11-13,North,Monitor,14,7480.0,0.05,765.8303114804596
2026-11-14,East,Mouse,9,7569.0,0.17,699.5812656593354
2026-11-15,West,Monitor,5,10091.0,0.05,1096.5937409143023
2026-11-16,North,Keyboard,3,942.0,0.15,116.69417789776924
2026-11-17,South,Monitor,2,5152.0,0.07,424.9722383642292
2026-11-18,South,Monitor,11,9870.0,0.17,1209.357820063995
2026-11-19,North,Keyboard,2,8097.0,0.2,1081.6961471031316
2026-11-20,East,Headphones,3,14825.0,0.19,1947.2581615659687
2026-11-21,South,Headphones,2,4958.0,0.19,582.6114595612225
2026-11-22,South,Monitor,14,7091.0,0.05,1499.9037585494973
2026-11-23,South,Keyboard,4,16846.0,0.02,1728.592098521934
2026-11-24,North,Keyboard,2,12326.0,0.17,1697.9534688091242
2026-11-25,West,Mouse,10,19193.0,0.09,1581.4611136506137
2026-11-26,South,Headphones,9,14638.0,0.11,1199.8161739878656
2026-11-27,West,Laptop,2,17794.0,0.01,3127.8581907766606
2026-11-28,East,Headphones,9,2669.0,0.06,442.1191675288899
2026-11-29,South,Headphones,13,19056.0,0.01,4325.198254274575
2026-11-30,South,Mouse,6,6813.0,0.22,929.1163985112777
2026-12-01,East,Laptop,1,8815.0,0.06,2014.885143610027
2026-12-02,South,Mouse,4,8536.0,0.14,648.0461788326912
2026-12-03,West,Laptop,14,1285.0,0.01,122.96768095294937
2026-12-04,North,Monitor,1,6639.0,0.17,482.108864275669
2026-12-05,West,Laptop,14,6844.0,0.08,702.0390370399818
2026-12-06,North,Mouse,6,19300.0,0.22,2589.5276425197235
2026-12-07,North,Headphones,14,15473.0,0.22,2290.048426963846
2026-12-08,West,Laptop,13,6119.0,0.08,493.9839249447083
2026-12-09,West,Laptop,4,2436.0,0.23,451.70160797520185
2026-12-10,West,Keyboard,3,4307.0,0.25,720.8888003472317
2026-12-11,West,Headphones,3,7651.0,0.21,788.3212161621403
2026-12-12,East,Monitor,9,9993.0,0.21,735.1478890969805
2026-12-13,South,Mouse,6,12855.0,0.06,1315.6829525317105
2026-12-14,North,Monitor,9,3736.0,0.14,326.3742450150901
2026-12-15,West,Headphones,13,16348.0,0.02,1617.4560411149318
2026-12-16,West,Laptop,5,2852.0,0.02,469.98786015004055
2026-12-17,West,Laptop,2,2432.0,0.25,222.15237496835357
2026-12-18,East,Headphones,8,11413.0,0.08,1479.2737586544506
2026-12-19,West,Laptop,5,,0.19,1820.7530331899843
2026-12-20,West,Laptop,2,5998.0,0.2,942.0862936473737
2026-12-21,West,Laptop,4,11082.0,0.21,2112.762283922457
2026-12-22,South,Mouse,9,17830.0,0.25,1393.8773804706575
2026-12-23,East,Mouse,4,14365.0,0.06,1957.4594822439828
2026-12-24,West,Keyboard,13,10069.0,0.01,1737.520358936179
2026-12-25,North,Monitor,12,18323.0,0.1,1534.441009102064
2026-12-26,North,Headphones,12,5357.0,0.03,419.4022591464186
2026-12-27,North,Headphones,12,840.0,0.01,161.30864263753782
2026-12-28,East,Headphones,13,11681.0,0.09,2010.1772071096957
2026-12-29,East,Keyboard,14,17266.0,0.2,2069.6284247096487
2026-12-30,North,Mouse,4,8991.0,0.14,1262.2102015677056
2026-12-31,West,Keyboard,2,638.0,0.08,88.4110320166806
2027-01-01,East,Headphones,13,858.0,0.16,60.59875570650341
2027-01-02,North,Monitor,12,10214.0,0.06,1315.4853966276448
2027-01-03,North,Laptop,6,2127.0,0.0,234.19117272910603
2027-01-04,West,Mouse,13,16496.0,0.19,1292.5112668044078
2027-01-05,South,Mouse,11,5504.0,0.16,1121.8235074885329
2027-01-06,East,Keyboard,14,13783.0,0.19,2030.6746699282746
2027-01-07,West,Mouse,2,7152.0,0.01,1443.5085620599687
2027-01-08,North,Headphones,12,2651.0,0.21,279.8219327604155
2027-01-09,North,Headphones,7,9929.0,0.15,1239.236109143808
2027-01-10,,Keyboard,3,14572.0,0.14,1507.3027313910186
2027-01-11,East,Headphones,3,12427.0,0.16,1007.1673137328712
2027-01-12,South,Monitor,5,,0.22,637.8637018988035
2027-01-13,South,Keyboard,3,19718.0,0.15,3613.141691075057
2027-01-14,North,Monitor,2,12952.0,0.15,2148.806337332968
2027-01-15,East,Laptop,10,16712.0,0.25,2168.1051103723344
2027-01-16,South,Monitor,9,19451.0,0.19,2532.906798229008
2027-01-17,East,Laptop,2,1807.0,0.11,380.85110296072907
2027-01-18,East,Laptop,14,15352.0,0.18,1162.7489924107576
2027-01-19,North,Monitor,11,3160.0,0.1,363.1848811842676
2027-01-20,South,Keyboard,2,10903.0,0.06,1429.6021123135429
2027-01-21,West,Headphones,13,10738.0,0.15,1944.227969687662
2027-01-22,North,Headphones,8,6707.0,0.23,1284.525738467108
2027-01-23,South,Laptop,9,1640.0,0.23,152.69018342600657
2027-01-24,South,Laptop,7,2208.0,0.09,459.386200856942
2027-01-25,,Keyboard,3,4130.0,0.13,794.8148088862698
2027-01-26,South,Mouse,9,10985.0,0.05,1233.4196343648114
2027-01-27,South,Monitor,3,12521.0,0.25,1388.7655126759944
2027-01-28,East,Laptop,5,17359.0,0.25,1948.257695601227
2027-01-29,North,Headphones,9,8184.0,0.16,1693.1870354344092
2027-01-30,East,Keyboard,12,1707.0,0.2,151.24241668891403
2027-01-31,West,Monitor,14,13831.0,0.18,2448.1232534300234
2027-02-01,South,Keyboard,14,2460.0,0.15,286.0754841071154
2027-02-02,North,Monitor,3,1057.0,0.01,213.73119150819306
2027-02-03,South,Monitor,7,16383.0,0.11,2207.5709948747653
2027-02-04,North,Laptop,12,14393.0,0.17,2130.25845515268
2027-02-05,East,Keyboard,1,1382.0,0.17,254.1242623209502
2027-02-06,North,Keyboard,4,5261.0,0.09,1037.4924162827192
2027-02-07,West,Headphones,4,6367.0,0.24,1099.8475201199674
2027-02-08,West,Headphones,7,13369.0,0.04,1156.8135204773441
2027-02-09,North,Laptop,8,7666.0,0.13,1318.201485907237
2027-02-10,North,Laptop,1,13482.0,0.17,1161.504214609052
2027-02-11,North,Mouse,5,8429.0,0.17,1054.231887556616
2027-02-12,North,Headphones,7,5847.0,0.16,850.9631748913761
2027-02-13,West,Monitor,12,7769.0,0.07,1072.6900113114039
2027-02-14,South,Keyboard,4,14027.0,0.04,2266.77197376297
2027-02-15,North,Laptop,13,2954.0,0.16,618.874688672092
2027-02-16,North,Keyboard,4,18830.0,0.15,1648.3575214872862
2027-02-17,West,Keyboard,4,13491.0,0.04,2523.2814492458224
2027-02-18,West,Mouse,12,3308.0,0.18,399.614784834424
2027-02-19,East,Headphones,6,7142.0,0.11,652.2387403483563
2027-02-20,North,Laptop,7,4325.0,0.17,384.0503003748977
2027-02-21,East,Keyboard,2,4036.0,0.21,769.6142582892217
2027-02-22,West,Laptop,5,15809.0,0.04,3483.5283940394506
2027-02-23,West,Monitor,4,4302.0,0.0,1007.516067329922
2027-02-24,South,Mouse,14,,0.19,3795.952428165402
2027-02-25,North,Monitor,13,6642.0,0.15,651.5906535530853
2027-02-26,East,Laptop,3,19703.0,0.17,2296.433720362268
2027-02-27,West,Laptop,7,9594.0,0.21,1468.6122542072185
2027-02-28,West,Headphones,11,864.0,0.2,112.14473364378551
2027-03-01,East,Keyboard,12,16188.0,0.24,1859.2877578096375
2027-03-02,South,Keyboard,6,2363.0,0.13,289.5154305644229
2027-03-03,West,Monitor,14,16999.0,0.12,2706.743673576049
2027-03-04,North,Mouse,7,7584.0,0.1,1213.9389861093766
2027-03-05,West,Keyboard,5,8516.0,0.04,878.4247061102224
2027-03-06,North,Headphones,13,2884.0,0.14,397.32396248314467
2027-03-07,East,Monitor,6,15572.0,0.07,2521.1673411139996
2027-03-08,North,Monitor,5,4435.0,0.23,604.2712348415295
2027-03-09,East,Headphones,14,13627.0,0.15,1340.358388724501
2027-03-10,North,Mouse,7,14982.0,0.15,2625.7185948155834
2027-03-11,East,Headphones,2,8242.0,0.09,632.1473883430101
2027-03-12,North,Mouse,14,16665.0,0.01,2315.071824463091
2027-03-13,South,Headphones,11,2990.0,0.01,629.4242683581559
2027-03-14,North,Headphones,5,,0.11,2163.690993563353
2027-03-15,North,Laptop,6,18608.0,0.02,2268.4949766574036
2027-03-16,South,Monitor,6,19651.0,0.15,3309.635681616378
2027-03-17,West,Headphones,5,1637.0,0.22,225.31019616237106
2027-03-18,West,Headphones,10,3920.0,0.22,658.4890582465544
2027-03-19,North,Keyboard,7,6345.0,0.16,1092.3653303502686
2027-03-20,South,Monitor,10,4406.0,0.05,768.9898839754014
2027-03-21,North,Keyboard,8,19837.0,0.22,2521.924620285646
2027-03-22,East,Monitor,7,12913.0,0.22,1033.8141325875513
2027-03-23,East,Keyboard,5,776.0,0.05,91.72729913346782
2027-03-24,North,Headphones,1,18883.0,0.18,2341.916235384809
2027-03-25,West,Headphones,13,18111.0,0.07,3063.461474080384
2027-03-26,West,Laptop,5,6837.0,0.2,915.2300024305573
2027-03-27,North,Keyboard,10,12444.0,0.25,1203.8764507326491
2027-03-28,North,Mouse,2,16406.0,0.01,1317.204130931032
2027-03-29,East,Laptop,13,17579.0,0.22,2253.6510187659383
2027-03-30,West,Keyboard,5,12806.0,0.16,1382.8865312806104
2027-03-31,North,Keyboard,5,11003.0,0.24,1713.2924511471679
2027-04-01,East,Laptop,2,19725.0,0.12,1459.302076336059
2027-04-02,West,Headphones,5,4708.0,0.21,667.3231017747952
2027-04-03,South,Keyboard,13,12090.0,0.02,2844.1677603392914
2027-04-04,East,Headphones,4,11386.0,0.08,1148.592460357852
2027-04-05,West,Laptop,1,13366.0,0.02,2098.1519777558515
2027-04-06,West,Headphones,3,1588.0,0.24,115.30741349232552
2027-04-07,East,Monitor,1,3863.0,0.2,575.9452548809223
2027-04-08,South,Mouse,12,524.0,0.21,71.85947606493431
2027-04-09,East,Keyboard,11,10264.0,0.23,1179.5814460341348
2027-04-10,West,Mouse,5,10459.0,0.02,1728.469105781137
2027-04-11,North,Headphones,4,13435.0,0.1,2810.278522089266
2027-04-12,,Keyboard,7,8568.0,0.02,951.9273403947236
2027-04-13,East,Headphones,5,19119.0,0.05,1522.716860236067
2027-04-14,West,Monitor,10,7795.0,0.06,1659.5091086414725
2027-04-15,North,Laptop,14,8892.0,0.12,1393.7028744503523
2027-04-16,West,Keyboard,4,11890.0,0.07,2558.88378050327
2027-04-17,East,Monitor,2,8948.0,0.03,1575.172520165766
2027-04-18,North,Monitor,4,10933.0,0.04,2285.1969632736023
2027-04-19,West,Keyboard,12,15538.0,0.04,2282.8848022733655
2027-04-20,North,Headphones,2,12028.0,0.24,1896.5979307567602
2027-04-21,East,Monitor,8,16243.0,0.19,3094.7107316794795
2027-04-22,West,Mouse,3,9105.0,0.24,1226.6100023420368
2027-04-23,North,Monitor,9,2514.0,0.11,247.7617223061413
2027-04-24,East,Headphones,13,1881.0,0.07,219.883074423132
2027-04-25,North,Headphones,4,1598.0,0.2,145.4430286079594
2027-04-26,North,Mouse,13,9601.0,0.08,1077.3132239524532
2027-04-27,South,Monitor,6,687.0,0.07,84.394022106628
2027-04-28,South,Headphones,10,12448.0,0.06,2040.3563993250891
2027-04-29,East,Keyboard,5,10707.0,0.03,1869.0119895127602
2027-04-30,South,Laptop,10,2592.0,0.06,371.57527770717445
2027-05-01,East,Laptop,13,19014.0,0.09,3194.4583764523177
2027-05-02,South,Laptop,1,5742.0,0.17,447.36049474561133
2027-05-03,North,Monitor,9,9049.0,0.02,841.7879331394057
2027-05-04,East,Mouse,1,5685.0,0.05,589.821352864526
2027-05-05,East,Headphones,8,15771.0,0.2,2120.545630136822
2027-05-06,North,Keyboard,9,6276.0,0.04,701.1793944929325
2027-05-07,East,Keyboard,9,12949.0,0.09,1510.1654349056869
2027-05-08,East,Monitor,1,8323.0,0.22,961.1523753230342
2027-05-09,South,Laptop,2,16217.0,0.04,3394.162174678057
2027-05-10,East,Monitor,12,7855.0,0.02,633.9725871274129
2027-05-11,West,Mouse,13,6965.0,0.12,1166.9653530490318
2027-05-12,North,Mouse,1,13237.0,0.08,2358.9960755127004
2027-05-13,South,Headphones,10,18381.0,0.14,3410.8422355951056
2027-05-14,South,Headphones,2,13824.0,0.2,2638.3712216214885
2027-05-15,West,Mouse,10,10850.0,0.03,877.9899345153561
2027-05-16,North,Mouse,12,3055.0,0.15,275.6274323395455
2027-05-17,North,Mouse,8,3451.0,0.13,692.4939983829315
2027-05-18,South,Monitor,5,18122.0,0.04,2747.8430162611444
2027-05-19,East,Mouse,12,5227.0,0.16,772.6736605139046
2027-05-20,South,Keyboard,11,6186.0,0.07,1108.6833812207826
2027-05-21,North,Laptop,7,4201.0,0.12,722.5231173007314
2027-05-22,West,Mouse,2,3280.0,0.02,766.2996799114993
2027-05-23,South,Laptop,8,18472.0,0.11,4101.494190294212
2027-05-24,North,Monitor,11,2868.0,0.08,534.1151739193701
2027-05-25,South,Laptop,6,16092.0,0.21,1637.7441247124832
2027-05-26,East,Monitor,8,936.0,0.01,212.7175402305452
2027-05-27,South,Keyboard,1,3328.0,0.1,264.6785021495232
2027-05-28,South,Monitor,1,2056.0,0.11,218.27016793005754
2027-05-29,North,Monitor,12,13864.0,0.18,2643.8033688162222
2027-05-30,North,Headphones,7,15561.0,0.14,1653.4371580350953
2027-05-31,North,Mouse,8,11076.0,0.17,1080.2850833418756
2027-06-01,South,Mouse,13,17066.0,0.19,1430.4696090011219
2027-06-02,East,Keyboard,3,7690.0,0.22,1355.887104602015
2027-06-03,West,Keyboard,5,6065.0,0.08,920.7222626878523
2027-06-04,West,Mouse,12,15869.0,0.13,2688.473687387498
2027-06-05,North,Headphones,1,2089.0,0.21,199.0955195314866
2027-06-06,North,Mouse,7,659.0,0.25,103.23245127441494
2027-06-07,,Headphones,5,12645.0,0.22,2063.369817387664
2027-06-08,,Keyboard,8,15873.0,0.09,1923.1554491174534
2027-06-09,North,Laptop,13,7055.0,0.05,1004.1046051058386
2027-06-10,East,Keyboard,8,16737.0,0.12,1703.3188915330509
2027-06-11,East,Keyboard,9,9703.0,0.19,1933.5406106009045
2027-06-12,North,Monitor,7,8744.0,0.12,1460.0918804962932
2027-06-13,North,Monitor,11,15243.0,0.12,3204.1969551124917
2027-06-14,West,Monitor,1,13833.0,0.21,1437.8667378204275
2027-06-15,West,Monitor,13,13841.0,0.09,2681.811734014406
2027-06-16,South,Headphones,3,19191.0,0.21,3186.757971432577
2027-06-17,West,Mouse,8,1728.0,0.1,307.2786878630837
2027-06-18,East,Laptop,3,6090.0,0.08,1367.971948606221
2027-06-19,East,Keyboard,8,6085.0,0.11,795.5828525173083
2027-06-20,North,Headphones,1,9727.0,0.19,805.3934158829774
2027-06-21,West,Laptop,5,6546.0,0.03,1233.0359211616565
2027-06-22,South,Headphones,4,12737.0,0.05,2468.220856981525
2027-06-23,East,Headphones,5,16149.0,0.24,2181.6947935416024
2027-06-24,East,Keyboard,8,5445.0,0.04,601.9593434677711
2027-06-25,South,Mouse,10,8427.0,0.14,1201.2811422294476
2027-06-26,South,Monitor,14,13141.0,0.14,1503.884154990871
2027-06-27,East,Mouse,4,16498.0,0.12,2216.489680141428
2027-06-28,East,Keyboard,11,13886.0,0.16,2212.5565345887617
2027-06-29,South,Keyboard,4,7516.0,0.06,1460.248434169077
2027-06-30,East,Keyboard,3,14527.0,0.14,1492.6674059866211
2027-07-01,North,Laptop,7,16420.0,0.09,2224.9729426560143
2027-07-02,North,Mouse,3,14252.0,0.17,1487.6051991489278
2027-07-03,South,Mouse,12,18768.0,0.04,2049.7786386462
2027-07-04,West,Headphones,3,18693.0,0.14,3427.0103377544788
2027-07-05,South,Headphones,11,3667.0,0.05,817.1700853258227
2027-07-06,South,Headphones,10,12489.0,0.07,1660.2090861650204
2027-07-07,West,Keyboard,5,14587.0,0.05,2878.475265679182
2027-07-08,West,Mouse,5,2937.0,0.05,648.679739125419
2027-07-09,West,Keyboard,14,15775.0,0.21,2789.5639452556643
2027-07-10,North,Laptop,6,5776.0,0.07,596.676953901226
2027-07-11,East,Headphones,8,9359.0,0.23,1748.0609856280366
2027-07-12,North,Keyboard,10,8318.0,0.24,910.5431463888011
2027-07-13,East,Keyboard,6,5228.0,0.14,618.9794358213785
2027-07-14,North,Laptop,12,19508.0,0.04,1696.977366269702
2027-07-15,East,Monitor,1,6238.0,0.09,923.2930190411784
2027-07-16,North,Mouse,8,6293.0,0.2,496.05108491905764
2027-07-17,West,Monitor,8,5023.0,0.09,558.8042810242059
2027-07-18,South,Headphones,9,6071.0,0.02,796.5312322144109
2027-07-19,North,Keyboard,9,16709.0,0.14,3125.4252755343364
2027-07-20,East,Laptop,2,15746.0,0.21,2846.5323680306674
2027-07-21,West,Laptop,2,10880.0,0.2,1143.8733606213875
2027-07-22,North,Mouse,3,2724.0,0.04,590.9432889464997
2027-07-23,North,Monitor,1,8889.0,0.17,1665.401130701718
2027-07-24,West,Mouse,4,16427.0,0.06,3242.5456016831763
2027-07-25,North,Keyboard,14,12184.0,0.05,1214.6383229694968
2027-07-26,South,Mouse,4,11140.0,0.22,1714.8560578192685
2027-07-27,North,Laptop,14,9162.0,0.06,2072.5804146540095
2027-07-28,South,Laptop,9,6861.0,0.07,1250.8265065442733
2027-07-29,South,Headphones,9,2448.0,0.0,333.84566792471617
2027-07-30,West,Headphones,9,12591.0,0.22,1621.4289090333136
2027-07-31,North,Keyboard,10,12492.0,0.2,1896.5180248496251
2027-08-01,West,Monitor,7,6818.0,0.16,955.2662598703217
2027-08-02,North,Mouse,14,12680.0,0.19,1031.1061545681757
2027-08-03,North,Keyboard,2,734.0,0.04,93.75297743201196
2027-08-04,East,Headphones,10,15872.0,0.11,3056.98718827812
2027-08-05,North,Mouse,5,1022.0,0.09,210.59472190905802
2027-08-06,West,Headphones,4,,0.02,1338.6421832835722
2027-08-07,South,Mouse,12,10321.0,0.12,2197.1041172574824
2027-08-08,North,Monitor,11,6332.0,0.23,662.5987204428569
2027-08-09,East,Keyboard,8,13320.0,0.01,2539.6897976820233
2027-08-10,West,Mouse,2,16711.0,0.07,3229.62727722638
2027-08-11,North,Laptop,6,7622.0,0.05,1578.7396533662063
2027-08-12,West,Laptop,13,6342.0,0.06,1435.3899489203923
2027-08-13,East,Mouse,5,1816.0,0.23,186.25108260794275
2027-08-14,East,Mouse,12,13700.0,0.12,2724.006148732502
2027-08-15,West,Mouse,2,18008.0,0.12,1622.5272964590508
2027-08-16,North,Laptop,11,15706.0,0.19,2542.552189833598
2027-08-17,South,Laptop,10,19471.0,0.04,3853.1310942070645
2027-08-18,East,Mouse,1,1878.0,0.12,322.61673134762157
2027-08-19,North,Headphones,8,2019.0,0.11,220.82856832646502
2027-08-20,North,Headphones,2,8435.0,0.15,1637.695187563083
2027-08-21,South,Monitor,7,,0.25,537.5236907476293
2027-08-22,East,Keyboard,9,5855.0,0.19,422.6461656896098
2027-08-23,East,Headphones,9,9583.0,0.1,1741.9224517701953
2027-08-24,North,Laptop,8,6074.0,0.21,771.7405040876628
2027-08-25,North,Headphones,11,13824.0,0.04,2977.3135437547057
2027-08-26,South,Monitor,14,2757.0,0.01,396.25186198216943
2027-08-27,South,Monitor,12,13911.0,0.05,1435.295136324023
2027-08-28,East,Keyboard,10,15733.0,0.09,3181.1749536856723
2027-08-29,West,Headphones,9,16387.0,0.13,2470.8930575721383
2027-08-30,East,Laptop,2,2505.0,0.15,238.82367396101773
2027-08-31,North,Laptop,6,18900.0,0.23,2946.4772163428524
2027-09-01,East,Mouse,4,11360.0,0.13,1649.4005130263035
2027-09-02,West,Laptop,14,10570.0,0.13,1680.3962980752387
2027-09-03,South,Keyboard,4,9888.0,0.01,1550.1337538858186
2027-09-04,West,Keyboard,5,18656.0,0.01,4079.5396451948986
2027-09-05,West,Laptop,12,18635.0,0.14,3542.179356427381
2027-09-06,West,Laptop,3,15109.0,0.11,2697.4177587633253
2027-09-07,South,Mouse,14,16863.0,0.21,1304.4441942510077
2027-09-08,West,Laptop,1,17423.0,0.04,3723.3116564277884
2027-09-09,West,Mouse,8,15323.0,0.01,2944.0307388887823
2027-09-10,,Mouse,5,18345.0,0.11,3240.823229625285
2027-09-11,North,Laptop,3,9047.0,0.06,1205.1025399899856
2027-09-12,West,Monitor,10,12015.0,0.01,2729.600732854209
2027-09-13,South,Monitor,14,734.0,0.18,122.37013198739052
2027-09-14,West,Mouse,7,15062.0,0.03,1448.4548213716637
2027-09-15,West,Laptop,7,18432.0,0.15,2339.461803510199
2027-09-16,South,Monitor,1,7980.0,0.07,1712.0031471026691
2027-09-17,West,Laptop,12,4713.0,0.04,398.2602905922787
2027-09-18,South,Laptop,9,10793.0,0.09,2390.9857133757405
2027-09-19,West,Laptop,2,2173.0,0.2,339.78355549034376
2027-09-20,South,Headphones,5,2600.0,0.1,438.3613639065352
2027-09-21,West,Laptop,13,12349.0,0.19,1260.2896627775774
2027-09-22,West,Headphones,14,18699.0,0.03,2218.183197743825
2027-09-23,North,Mouse,5,4341.0,0.19,844.4174704311591
2027-09-24,North,Monitor,14,10697.0,0.06,1314.2755467821974
2027-09-25,West,Monitor,8,,0.17,1497.3154583778046
2027-09-26,West,Monitor,14,7511.0,0.14,948.4470702099389
2027-09-27,East,Monitor,8,4993.0,0.23,398.5829908235287
2025-01-01,East,Laptop,2,17530.0,0.1,2300.99385223641
2025-01-02,West,Laptop,2,15071.0,0.12,1210.1758639142083
2025-01-03,North,Laptop,10,10451.0,0.1,783.10167886291
2025-01-04,East,Headphones,7,11273.0,0.13,2163.2028129054
2025-01-05,East,Mouse,12,16640.0,0.15,2393.23634604416
